code,name,latitude,longitude,Z,FindNearestRank,DistanceKilometers,Direction
7015,LaSalle / 4e avenue,45.43074022417498,-73.5919108253438,20,1,1.07181120378092e-002,N
6714,LaSalle / Sénécal,45.43443353453236,-73.58669400215149,20,1,6.84552442399517e-003,S
6712,LaSalle / Crawford,45.43791380065227,-73.58274042606354,20,1,2.52278529944502e-003,E
6715,Natatorium (LaSalle / Rolland),45.44440817060518,-73.57556819915771,18,1,5.76227502762652e-003,SW
7048,Métro Angrignon,45.446534244545326,-73.60354088363238,25,1,8.43648581757158e-003,S
7056,Godin / Bannantyne,45.4475536968409,-73.57726335525513,20,1,6.36266962394912e-003,S
7051,Jogues / Allard,45.449900812620385,-73.60025119094644,28,1,1.15183130542572e-002,N
6706,Beatty / de Verdun,45.450729976972944,-73.5725748538971,18,1,0.0128838025669,NE
6725,Métro Monk (Allard / Beaulieu),45.45085122,-73.5940272,25,1,5.72517301887136e-003,E
7059,Argyle / Bannantyne,45.45324567428996,-73.57681475579739,20,1,1.0814863817041e-002,NW
6309,5e avenue / de Verdun,45.456049,-73.571877,18,1,8.29756970154788e-004,S
6744,Hamilton / Jolicoeur,45.456355,-73.597557,30,1,1.23134503328211e-002,N
6369,West Broadway / Sherbrooke,45.45635829051657,-73.64013027457986,59,1,1.26743711081149e-002,NW
6705,5e avenue / Bannantyne,45.456365,-73.57614,20,1,1.2897600211586e-002,NE
6707,Métro Jolicoeur (Drake / de Sève),45.456498000831544,-73.58214363455772,21,1,6.44444894898022e-003,SE
6754,Eadie / Dubois,45.45759682462104,-73.59052859581423,25,1,1.31248761857089e-002,SW
7057,2e avenue / Wellington,45.45789352611307,-73.56752824096475,16,1,3.38525941461776e-003,NE
7010,Belmore / Sherbrooke,45.459233060280816,-73.63740515022073,61,1,1.0445498987316e-002,SW
6426,Métro Verdun (Willibrord / de Verdun),45.459487694540734,-73.57209205627441,18,1,1.06503839121286e-002,N
6428,"Berlioz / de l'Île des Soeurs",45.45998577640931,-73.54395568370819,18,1,1.59415091111101e-003,N
6719,Park Row O / Sherbrooke,45.46072936353252,-73.63407254219055,61,1,1.36870877883118e-002,NW
7058,Gordon / Wellington,45.461077990108386,-73.56730699539183,16,1,4.20986536000097e-003,S
6709,Le Caron / Marc-Sauvalle,45.461685,-73.584039,22,1,6.60961726645979e-003,E
6742,Briand / le Caron,45.462362,-73.59665,23,1,7.92359935595346e-003,S
6425,"Ross / de l'Église",45.462742,-73.565845,17,1,3.85041394922751e-003,S
7060,"de l'Église / de Verdun",45.46300108733155,-73.57156895217486,18,1,1.20843177111346e-002,SW
6379,"de l'Église / Bannantyne",45.4632535358533,-73.57587933540344,20,1,9.56561748476959e-003,N
7013,Benny Crescent / Benny,45.46431546986341,-73.62556993961334,60,1,7.88584033497889e-003,NW
6718,Grand Boulevard / Sherbrooke,45.466569,-73.623295,66,1,1.12577192467779e-002,N
6115,Benny / de Monkland,45.466914254987394,-73.6317041516304,64,1,5.25046498652324e-003,SE
6429,Place du Commerce,45.46714,-73.54259,17,1,9.42675080648308e-003,SE
6341,Regina / de Verdun,45.467369,-73.570769,18,1,9.95004914163594e-003,SW
7054,Cote St-Paul / St-Ambroise,45.467665653865964,-73.59391784324544,20,1,5.69700963334332e-003,NW
6363,de Clifton / Sherbrooke,45.46904609121779,-73.6185747385025,64,1,1.0087677811557e-002,S
6415,Wilson / Sherbrooke,45.4703,-73.6162,64,1,1.0907077059303e-002,S
6313,Palm / St-Remi,45.470303,-73.589848,20,1,1.13999467771159e-002,SE
6427,Métro Lasalle (de Rushbrooke / Caisse),45.47069642604657,-73.56542240828276,17,1,7.95041610958439e-003,S
6263,de Hampton / de Monkland,45.471161595177456,-73.62720608711243,70,1,1.18746943251297e-002,NW
6354,Marcil / Sherbrooke,45.471743,-73.613924,64,1,8.89515307379449e-003,S
6724,Square Sir-Georges-Étienne-Cartier / Léa Roback,45.471926,-73.58247,20,1,6.13108301192836e-003,S
6016,Jacques-Le Ber / de la Pointe Nord,45.472503,-73.539285,15,1,7.02183603589327e-003,W
6402,Square Sir-Georges-Etienne-Cartier / Ste-Émilie,45.47266800851548,-73.585389778018,20,1,4.9471508257257e-003,NW
6080,Métro Vendôme,45.47413823404424,-73.60359728336334,50,1,5.36375228378214e-003,NE
6418,de Vendôme / de Maisonneuve,45.47441930263679,-73.6040586233139,50,1,9.23710349472007e-003,SE
6339,"d'Oxford / de Monkland",45.475141540219525,-73.62350463867188,78,1,7.96406978113415e-003,N
6349,Ryde / Charlevoix,45.4757434,-73.5646007,20,1,1.00858005948952e-002,N
6356,de Monkland / Girouard,45.47710675189806,-73.6214379966259,82,1,3.04711331704121e-003,SW
6375,Métro Place St-Henri (St-Ferdinand / St-Jacques),45.477249,-73.587238,20,1,6.32241147692774e-003,NW
6416,Notre-Dame-de-Grâce / Décarie,45.47735333523628,-73.61537218093872,89,1,7.68028258323477e-003,SW
6434,Victoria / de Maisonneuve,45.47742856483265,-73.60016942024231,46,1,8.49823305087985e-003,N
6732,Fortune / Wellington,45.477923,-73.559038,16,1,6.24779047518483e-003,E
10002,Métro Charlevoix (Centre / Charlevoix),45.47822787309145,-73.56965124607086,17,1,1.25980550131723e-002,SE
7011,Girouard / de Terrebonne,45.47843159157294,-73.62489938735962,78,1,1.34428222090618e-002,SW
6101,Métro Villa-Maria (Décarie / de Monkland),45.479483,-73.61979,93,1,1.11511325953539e-002,N
6377,Grand Trunk / Hibernia,45.47968,-73.56385,15,1,1.32713549895087e-002,SE
7070,Bourgeoys / Favard,45.47993042065731,-73.55592101812363,16,1,1.0318770094492e-002,NE
6406,Marché Atwater,45.48020822800015,-73.57759863138199,20,1,7.68553868598941e-003,E
6414,Laporte / St-Antoine,45.48050798452431,-73.58660951256752,20,1,1.10826475150725e-002,SW
7053,Ropery / Augustin-Cantin,45.48091406771754,-73.56846034526825,18,1,1.0984293256977e-002,SW
7055,Greene / Workman,45.48118440698601,-73.5793487727642,20,1,7.57061866103262e-003,N
6350,Island / Centre,45.48149081388884,-73.56475353240967,16,1,4.67536901397796e-003,SW
6435,Victoria Hall,45.4816,-73.6,49,1,7.40888790800318e-003,N
6405,Duvernay / Charlevoix,45.48203995,-73.57486278,20,1,7.34499635845472e-003,NE
6029,Bel Air / St-Antoine,45.482779,-73.58452544,20,1,9.05675797943054e-003,SW
6433,Hillside / Ste-Catherine,45.48282602624293,-73.59084337949753,50,1,1.01035398112164e-002,N
7052,Shearer / Centre,45.483005619293046,-73.56218665838242,15,1,1.27491838584786e-002,SE
6407,Charlevoix / Lionel-Groulx,45.48392802,-73.57731164,18,1,3.71091408377058e-003,NE
6921,Augustin-Cantin / Shearer,45.48401829,-73.5634366,16,1,1.04469620015729e-002,SE
6420,Trans Island / Queen-Mary,45.484489,-73.628834,72,1,1.2358859392665e-002,NE
6727,de Montmorency / Richardson,45.48489566038642,-73.56011867523193,16,1,1.35043953793169e-002,SW
6403,Georges-Vanier / Notre-Dame,45.485047979822774,-73.5719633102417,20,1,8.7049373407837e-003,SE
6404,Quesnel / Vinet,45.485889,-73.577514,19,1,6.28185032993503e-003,S
6409,Lionel-Groulx / George-Vanier,45.48621939184824,-73.5737469792366,18,1,3.40971804907884e-003,N
6436,Côte St-Antoine / Clarke,45.48645209646392,-73.59523415565491,56,1,2.12794544881993e-003,E
6741,Notre-Dame / Chatham,45.48691857455084,-73.56942862272263,20,1,6.39572573782862e-003,SE
6432,de Maisonneuve / Greene,45.48697062,-73.58929306,52,1,1.23968254318721e-002,SW
7068,Basin / Richmond,45.48760116378806,-73.56518536806107,17,1,1.13841568471641e-002,S
6401,des Seigneurs / Workman,45.48799111065998,-73.56963247060776,20,1,9.11603682007181e-003,SE
6194,Tupper / Atwater,45.48887733846146,-73.58353704214096,49,1,9.0084368541212e-003,N
6408,Métro Georges-Vanier (St-Antoine / Canning),45.4891,-73.57656,26,1,1.08457607362117e-002,NE
7050,Ottawa / William,45.48954486106131,-73.56413930654526,18,1,4.77745053376996e-003,NW
6084,Lambert-Closse / Tupper,45.489609,-73.582445,49,1,5.14756073560284e-003,SW
6088,Guy / Notre-Dame,45.489951,-73.567091,20,1,5.4781920877407e-003,N
7049,Ottawa / St-Thomas,45.490873602424855,-73.56238916516304,16,1,8.81613303423493e-003,SE
6093,Atwater / Sherbrooke,45.4912258547597,-73.58763009309769,57,1,6.6599167915171e-003,NW
7076,Tupper / du Fort,45.49122961531575,-73.58078241348267,48,1,4.56827121674194e-003,NW
7081,Lincoln / Lambert Closse,45.49138379789788,-73.5860127210617,54,1,8.58483800351739e-003,N
6419,Beaucourt / de la Côte-Ste-Catherine,45.491513,-73.633649,68,1,9.94096332490282e-003,SW
6091,Joseph-Manceau / René-Lévesque,45.491686521008035,-73.57676714658737,42,1,8.13300546604656e-003,E
6095,Chomedey / de Maisonneuve,45.491800276787224,-73.58400642871855,50,1,9.11041494404037e-003,NE
6097,Towers / Ste-Catherine,45.492504,-73.581088,49,1,3.63685642661167e-003,E
6748,Young / Wellington,45.49282530947313,-73.55797827243805,18,1,1.12300348736714e-002,NE
6087,Notre-Dame / de la Montagne,45.49302901258371,-73.56481790542603,17,1,1.08614815879775e-002,N
6102,Lincoln / du Fort,45.493034,-73.583836,53,1,1.2131032370803e-002,NE
6096,"Lucien L'Allier / St-Jacques",45.49356916133978,-73.56857568025589,20,1,4.04447987317929e-003,SE
6086,Murray / William,45.4935955571179,-73.56196403503418,17,1,9.16396099521296e-003,SE
6107,St-Mathieu /Ste-Catherine,45.493718,-73.579186,48,1,3.86205167501716e-003,NE
7047,Muray / Notre-Dame,45.493985695906844,-73.56327943525685,17,1,5.18430403273478e-003,SW
6743,St-Marc / Sherbrooke,45.494514,-73.583368,58,1,8.16480341766706e-003,N
6717,de Kent / Victoria,45.494805,-73.638772,63,1,2.26558900005939e-003,SE
6090,"Métro Lucien-L'Allier (Lucien l'Allier / Argyle)",45.49486,-73.57108,31,1,8.16015012412517e-003,S
6085,Notre-Dame / Peel,45.4952,-73.56328,17,1,4.2566868572013e-003,W
7071,St-Mathieu / Sherbrooke,45.495789104811756,-73.58259558677672,59,1,8.92222418770361e-003,NE
6159,Ann / William,45.495894391754916,-73.5600972175598,18,1,1.01685264407584e-002,SE
6092,Crescent / René-Lévesque,45.49606,-73.57348,41,1,5.21803566844877e-003,SW
6423,Hôpital général juif (de la Côte Ste-Catherine / Légaré),45.496302,-73.629822,89,1,6.24336487067351e-003,S
6098,Bishop / Ste-Catherine,45.49642,-73.57616,45,1,8.20376607661699e-003,NW
6316,Gatineau / Swail,45.496457147256585,-73.62015455961227,111,1,4.19100713032689e-003,W
6100,Mackay / de Maisonneuve,45.49659,-73.57851,49,1,8.87013437038733e-003,N
6315,Métro Côte-des-Neiges (Lacombe / de la Côte-des-Neiges),45.4968505432976,-73.62331956624985,110,1,2.92188297300146e-003,N
7062,Nazareth / William,45.49702385100359,-73.55922264978288,18,1,7.91938123915409e-003,NE
6049,Queen / Wellington,45.49759505413604,-73.55523705482483,15,1,1.07980118057985e-002,S
6057,Peel / avenue des Canadiens de Montréal,45.497697,-73.568646,33,1,8.19866837873965e-003,W
6048,Queen / Ottawa,45.4979738,-73.55614096,17,1,1.00070115264997e-002,SE
6052,de la Commune / King,45.4980302,-73.55266482,9,1,1.10672752002523e-002,N
6099,Crescent / de Maisonneuve,45.49815109497532,-73.57760936021805,48,1,8.23709011473314e-003,W
6062,Drummond / Ste-Catherine,45.49863930330429,-73.57422709465027,41,1,1.18276916898087e-002,SE
6050,de la Commune / McGill,45.4986731,-73.55256289,9,1,9.85067676759151e-003,NE
6046,Métro Bonaventure (de la Gauchetière / Mansfield),45.49871,-73.56671,28,1,5.58166429906409e-003,NE
6058,Cypress / Peel,45.49932551028458,-73.57176750898361,39,1,9.58919904930845e-003,NE
6063,Drummond / de Maisonneuve,45.49947,-73.57591,46,1,1.21296595078957e-002,SE
6065,de la Montagne / Sherbrooke,45.4996771,-73.57884854,53,1,1.29424202688867e-002,SE
6038,"McGill / Place d'Youville",45.49975,-73.55566,16,1,5.37353029601599e-003,NE
6125,Ellendale / de la Côte-des-Neiges,45.499757,-73.629298,86,1,7.1286315132807e-003,NW
6928,Jean-Brillant / McKenna,45.500035,-73.618105,120,1,4.19004947188313e-003,S
7079,Gauvin / Notre-Dame,45.50004272864201,-73.56041237711906,18,1,4.76031678075837e-003,S
6060,Mansfield / René-Lévesque,45.50015,-73.56928,40,1,9.83796401459575e-003,NW
6005,Metcalfe / du Square Dorchester,45.50023354666628,-73.57112646102905,40,1,7.1747590015656e-003,SE
6064,Métro Peel (de Maisonneuve / Stanley),45.50038,-73.57507,44,1,6.80699694790982e-003,NE
6042,de la Gauchetière / Robert-Bourassa,45.50060578095098,-73.56544822454453,28,1,3.25645381959184e-003,NE
6041,St-Jacques / Gauvin,45.500674,-73.561082,19,1,6.28682161379861e-003,SE
6059,Metcalfe / Ste-Catherine,45.50068473942228,-73.57215642929077,40,1,8.74614468652367e-003,SE
6039,McGill / des Récollets,45.500779,-73.558826,20,1,8.45608981415174e-003,NE
7012,McKenna / Édouard-Montpetit,45.50119450775172,-73.62062528729439,119,1,6.16707831000658e-003,N
6312,de Kent / de la Côte-des-Neiges,45.501302,-73.633161,74,1,6.42333467495607e-003,SE
6066,Mansfield / Ste-Catherine,45.5014018,-73.5718136,40,1,7.89594702071738e-003,NW
6072,Metcalfe / de Maisonneuve,45.50171494932855,-73.57413053512573,43,1,6.059089114292e-003,SW
6061,Ste-Catherine / McGill College,45.50176,-73.57128,40,1,1.06324043781647e-002,S
6037,"St-Nicolas / Place d'Youville",45.50197437877896,-73.55515658855438,17,1,1.1756753935995e-002,S
6043,Square Victoria,45.50206,-73.56295,20,1,3.66952735161852e-003,NE
6027,de Maisonneuve / Mansfield,45.5022921,-73.57325211,42,1,6.32676633590734e-003,W
6053,Belmont / du Beaver Hall,45.502326,-73.565138,31,1,6.67614463191038e-003,SW
6738,Union / René-Lévesque,45.50235036136798,-73.56658279895781,33,1,9.23162815634928e-003,SW
6359,Parc Plage,45.502602268297935,-73.52750301361084,10,1,1.13678390761785e-002,S
6040,St-Jacques / St-Pierre,45.50278649802565,-73.55913430452347,20,1,9.04503972109631e-003,S
6068,Mansfield / Sherbrooke,45.50297,-73.57505,45,1,7.09210011942306e-003,SE
6424,du Président-Kennedy / McGill College,45.503063,-73.573986,43,1,7.21939134373317e-003,N
6413,Cathcart / Union,45.503450096027684,-73.56840401887894,37,1,1.15704144034161e-002,NE
6067,de Maisonneuve / Robert-Bourassa,45.503475,-73.572103,40,1,7.56558752503355e-003,N
6708,Place Jean-Paul Riopelle (Viger / de Bleury),45.50372673707354,-73.56170386075974,20,1,3.88283647968518e-003,NE
6745,Cathcart / Place Phillips,45.5038053903264,-73.56817871332169,36,1,7.44284848399805e-003,SE
6083,Square Phillips,45.50409488772675,-73.56869637966156,37,1,9.00419282826931e-003,NW
6036,de la Commune / St-Sulpice,45.50424245563397,-73.553469479084,15,1,1.0126944681703e-002,SW
7080,President-Kennedy / Robert Bourassa,45.504407470403315,-73.57254266738892,41,1,4.9056952307482e-003,SE
7014,Édouard-Montpetit (Université de Montréal),45.50450093352018,-73.61765205860138,109,1,1.01522986607383e-002,NW
6031,St-Antoine / St-François-Xavier,45.50454228987185,-73.55916380882263,20,1,4.56672411240527e-003,N
6035,Viger / Jeanne Mance,45.50477726856594,-73.56118887662888,20,1,5.02246982946577e-003,W
7069,Union / President-Kennedy,45.50499344809821,-73.57170313596725,40,1,2.93234153833895e-003,E
6073,de Maisonneuve / Aylmer,45.50501,-73.57069,39,1,5.18322602468757e-003,E
6081,St-Alexandre / Ste-Catherine,45.50537693,-73.5676195,34,1,8.20814051634773e-003,NW
6310,de Darlington / de la Côte-Ste-Catherine,45.505403247020155,-73.62116575241089,104,1,6.72912876512895e-003,W
6240,Hudson / de Kent,45.505973,-73.629593,82,1,7.66820552583449e-003,N
6032,"Métro Place-d'Armes (Viger / St-Urbain)",45.50623,-73.55976,20,1,3.32013324045755e-003,NW
7067,City Councillors / du President-Kennedy,45.50625103256782,-73.57139065861702,40,1,5.27214332831489e-003,W
6502,Casino de Montréal,45.5063732,-73.52457672,10,1,9.47516052021828e-003,N
6749,St-Jacques / St-Laurent,45.50642115207643,-73.55646550655365,23,1,4.16967504835771e-003,N
6070,Milton / University,45.5064484,-73.57634872,49,1,7.76769459361385e-003,E
7066,St-Urbain / de la Gauchetière,45.50707812811467,-73.56139540672302,21,1,4.93503328878201e-003,W
6078,Métro Place-des-Arts (de Maisonneuve / de Bleury),45.50708,-73.56917,36,1,4.52359511244956e-004,NE
6025,Notre-Dame / St-Gabriel,45.50714391928411,-73.55511903762817,20,1,9.68005574906363e-003,SW
6927,Édouard-Montpetit / Stirling,45.50723,-73.615085,110,1,9.52854994012438e-003,NE
6026,de la Commune / Place Jacques-Cartier,45.50761009451047,-73.55183601379395,16,1,1.13319818026621e-002,N
6047,University / Prince-Arthur,45.50766169576538,-73.57885992183583,60,1,9.25258370833777e-003,NW
6203,Hutchison / Sherbrooke,45.50781,-73.57208,43,1,1.13015362798842e-002,S
6034,St-Urbain / René-Lévesque,45.5079,-73.563112,25,1,2.11088875275201e-003,NW
6204,Milton / Durocher,45.5081439,-73.57477158,48,1,2.61899764219448e-003,SW
6075,University / des Pins,45.508356,-73.580498,71,1,6.81696273230596e-003,E
7033,Aylmer / Prince-Arthur,45.508566869474386,-73.57769787311554,51,1,2.91694472059164e-003,S
6004,Hôtel-de-Ville (du Champs-de-Mars / Gosford),45.50918810659251,-73.55457991361618,20,1,2.39752905881339e-003,S
6001,Hôtel-de-Ville 2 (du Champs-de-Mars / Gosford),45.5093281424543,-73.55434656143188,20,1,5.65887579275974e-003,NW
6180,Place de la paix (Pl. du marché / St-Dominique),45.5096853,-73.56231675,25,1,1.14990455367339e-002,S
6205,Milton / du Parc,45.50971,-73.57354,47,1,9.07681583644726e-003,N
6079,Hutchison/ Prince-Arthur,45.509864,-73.576105,49,1,9.43126934272693e-003,SE
6366,Wilderton  / Van Horne,45.510042,-73.624835,98,1,5.75985308491458e-003,SE
6202,Ste-Famille / Sherbrooke,45.51007154847701,-73.57075229287146,42,1,1.01518341759828e-002,SW
6306,"du Mont-Royal / Vincent-d'Indy",45.510086,-73.611429,119,1,9.82670126517228e-003,S
6206,Prince-Arthur / du Parc,45.51059,-73.57547,49,1,5.69049744407693e-003,NE
6012,Métro St-Laurent (de Maisonneuve / St-Laurent),45.51066,-73.56497,29,1,4.53742420047476e-003,SW
6208,Hutchison / des Pins,45.51069,-73.57805,51,1,9.28968786329603e-003,SW
6023,de la Commune / Berri,45.51086,-73.54983,16,1,4.2065576314752e-003,SE
6003,Clark / Evans,45.51113228073946,-73.56790713965893,33,1,1.00975384351761e-002,S
7037,Prince-Arthur / Ste-Famille,45.5116382139746,-73.57463479042053,48,1,5.10467120790606e-003,NE
6007,"de l'Hôtel-de-Ville / Ste-Catherine",45.51164009357107,-73.5621839761734,26,1,8.37577596781171e-003,E
7001,Ste-Catherine / Ste-Élisabeth,45.51228321268213,-73.56182590126991,27,1,3.93741359167373e-003,W
6209,Milton / Clark,45.51254135285248,-73.57067719101906,43,1,6.13516834007026e-003,SE
6218,Prince-Arthur / St-Urbain,45.512600559161406,-73.57374027371407,48,1,1.12011133666429e-002,S
6008,Sanguinet / Ste-Catherine,45.512734,-73.5611406,26,1,8.21567429007831e-003,E
6207,Ste-Famille / des Pins,45.51281294953485,-73.57701659202576,51,1,1.26441072974019e-002,NW
6411,Clark / Prince-Arthur,45.5133025720765,-73.57296109199524,47,1,4.86375452301373e-003,NE
6501,Métro Jean-Drapeau,45.51340900098092,-73.53355407714844,20,1,8.46455365553865e-003,S
6013,Sanguinet / de Maisonneuve,45.513542213034626,-73.56287062168121,28,1,3.58629657918074e-003,W
6109,Quai de la navette fluviale,45.513741443172,-73.53838205337523,11,1,3.91144808729755e-003,E
7007,Gare Canora,45.513780237755576,-73.63246321678162,60,1,4.41563434441727e-003,SW
6901,Ste-Catherine / St-Denis,45.513833539883954,-73.56044590473175,26,1,9.55919619136667e-003,S
6011,St-André / St-Antoine,45.51411452790017,-73.55264469981194,20,1,7.62436929247634e-003,NW
6305,Davaar / de la Côte-Ste-Catherine,45.514379,-73.610871,86,1,2.96676507017884e-003,E
6014,St-Denis / de Maisonneuve,45.51439551451341,-73.56176555156708,28,1,8.03100728474741e-003,E
7038,Clark / Guilbault,45.51440303253061,-73.57508204877377,49,1,7.10852717973522e-003,SE
6021,"de l'Hôtel-de-Ville / Sherbrooke",45.514564669657595,-73.56840670108795,41,1,6.07829751918699e-003,E
6020,Sanguinet / Ontario,45.514784,-73.565338,29,1,6.18504735804024e-003,W
6215,St-Cuthbert / St-Urbain,45.51488700277475,-73.57827588915825,56,1,1.15006826931213e-002,SW
6303,Dunlop / Van Horne,45.514905,-73.619682,86,1,1.30576044441639e-002,NE
6216,Parc Jeanne Mance (monument à sir George-Étienne Cartier),45.51496,-73.58503,80,1,5.02183805510878e-003,NE
6009,Ste-Catherine / Labelle,45.51505175851694,-73.55922147631645,26,1,7.16270477928447e-003,SE
6212,"Duluth / de l'Esplanade",45.515174563705855,-73.5810948908329,64,1,5.59136786936826e-003,NE
6015,Berri / de Maisonneuve,45.515299,-73.561273,28,1,1.02340376388077e-002,S
6211,Roy / St-Laurent,45.515616239398405,-73.57580825686453,50,1,2.18202023173441e-003,NW
6304,Rockland / Lajoie,45.515617,-73.614991,85,1,1.13209399831923e-003,NW
6302,Stuart / de la Côte-Ste-Catherine,45.515634094300324,-73.60671132802963,80,1,3.62177898326973e-003,E
6729,St-André / Ste-Catherine,45.516426545782224,-73.5581123828888,25,1,3.66674164581049e-003,N
6903,Napoléon /  St-Dominique,45.51674014744136,-73.57770323753357,52,1,8.17579786237004e-003,S
6104,Wolfe / René-Lévesque,45.51681750463149,-73.5541883111,21,1,6.60821211647864e-003,N
6213,Duluth / St-Laurent,45.51687640567004,-73.57946008443832,57,1,6.62745357203119e-003,E
6223,du Mont-Royal / du Parc,45.517,-73.589,70,1,9.8130368212268e-003,N
6219,"de l'Hôtel-de-Ville / Roy",45.51733310325783,-73.57443630695343,48,1,6.63301989315473e-003,SE
6214,Square St-Louis,45.51735,-73.56906,42,1,1.02324244096204e-002,SE
6181,Clark / Rachel,45.5173538,-73.58212888,65,1,7.76270083384055e-003,SE
6222,Jeanne Mance / du Mont-Royal,45.5176432,-73.5889283,69,1,7.60691321765035e-003,N
6019,Berri / Sherbrooke,45.51792135435956,-73.56716752052306,40,1,6.57628807046046e-003,E
7074,St-André / Robin,45.518128086513194,-73.56185138225555,29,1,1.87081180116416e-003,W
7036,Hutchison / Edouard Charles,45.51826340169339,-73.59577462077141,75,1,9.01676558113884e-003,NW
6224,Villeneuve / du Parc,45.51829,-73.59235,70,1,6.62002623814735e-003,NE
6301,Parc Outremont (Bloomfield / Elmwood),45.518309446368,-73.60328614711761,78,1,4.53298011468679e-003,NW
7021,McEachran / Van Horne,45.51834130440452,-73.61664688243762,76,1,1.77710833037899e-003,SW
6248,St-Dominique / Rachel,45.518593,-73.581566,61,1,9.69493284762367e-003,SW
6018,St-André / Ontario,45.51889,-73.56353,29,1,7.64825547705812e-003,N
6217,Vallières / St-Laurent,45.518977033594894,-73.58363156316045,65,1,7.3020551982749e-003,E
6174,Roy / St-Denis,45.51908,-73.5727,46,1,9.65338842579413e-003,N
6173,Berri / Cherrier,45.51908844137639,-73.56950908899307,42,1,1.04402441662073e-002,NW
6112,Montcalm / de Maisonneuve,45.519157,-73.55786,24,1,4.54140489814888e-003,W
6220,Laval / Duluth,45.519216236873945,-73.57718020677567,50,1,9.34075626142723e-003,SE
6105,Plessis / René-Lévesque,45.51937252291976,-73.55195805430411,20,1,6.47309276490654e-003,E
6221,du Mont-Royal / Clark,45.51941,-73.58685,66,1,4.34960904612521e-003,SW
6241,Hutchison / Fairmount,45.519505185182496,-73.59852924942969,75,1,8.73852054465531e-003,N
6171,Wolfe / Robin,45.51958082831579,-73.5601159930229,27,1,7.19567584950879e-003,W
6307,Laval / Rachel,45.52017845247635,-73.57942387461662,53,1,5.05081482396284e-003,NE
6225,Villeneuve / St-Urbain,45.520188,-73.590559,67,1,5.61404536736519e-003,NW
6246,Métro Outremont (Wiseman / Van Horne),45.52027053865367,-73.61484915018082,71,1,8.23562944697432e-003,SE
6175,St-André / Cherrier,45.52054115838411,-73.5677509009838,40,1,9.88958925115308e-003,N
6179,Duluth / St-Denis,45.52060423232697,-73.57598394155502,49,1,5.05273525770896e-003,NW
6243,Bloomfield / Bernard,45.52068774,-73.6084279,71,1,1.01408614763569e-002,SE
6117,Robin / de la Visitation,45.520889767299096,-73.55922147631645,26,1,7.58604641474717e-003,SE
6017,du Square Ahmerst / Wolfe,45.52106924,-73.5637571,29,1,3.11378682282256e-003,S
6227,"de l'Esplanade / Laurier",45.521116220989526,-73.59478354454039,69,1,8.30957103613707e-003,S
6106,Papineau / René-Lévesque,45.52114,-73.54926,20,1,1.31239833977106e-002,SE
6229,Coloniale / du Mont-Royal,45.5211613236904,-73.5856157541275,61,1,9.8811541305141e-003,N
6196,Villeneuve / St-Laurent,45.52134173413233,-73.58941912651062,64,1,1.07581476297029e-002,S
6182,de Bullion / du Mont-Royal,45.521484558655224,-73.58498007059097,60,1,3.30188194577351e-003,SW
6044,Roy / St-Christophe,45.521492075725334,-73.57047200202942,42,1,5.71195317065048e-003,SE
6193,"de l'Esplanade / Fairmount",45.521495,-73.596758,70,1,8.19634780390615e-003,SE
6504,La Ronde,45.52156536710626,-73.53533238172531,19,1,1.30310184877728e-002,NW
6902,Beaudry / Ontario,45.521629790621084,-73.56234759092331,28,1,5.97968628059466e-003,NE
6113,Alexandre-DeSève / de Maisonneuve,45.5219,-73.55534,21,1,6.58445283597008e-003,SW
6230,Waverly / Fairmount,45.52210956205183,-73.59620042145252,69,1,4.83725532546887e-003,SW
6178,Rivard / Rachel,45.5222776,-73.5775906,49,1,7.22557288098132e-003,E
7022,Durocher / Bernard,45.522317596602306,-73.60693126916885,71,1,5.24404416258775e-003,SE
7034,Clark / Laurier,45.522583736890226,-73.59358858375344,67,1,9.9973047737332e-003,S
6245,Bloomfield / Van Horne,45.5225858,-73.61265779,68,1,1.03154573196526e-002,S
6231,Jeanne-Mance / St-Viateur,45.52282093699329,-73.60129594802856,70,1,1.12241986510829e-002,N
6183,Henri-Julien / du Mont-Royal,45.522847236474675,-73.58361225138651,55,1,9.47321931704332e-003,NE
7031,Berri / Rachel,45.5228780183634,-73.57749536633492,48,1,4.31024073023431e-003,N
6146,du Parc-La Fontaine / Roy,45.52290738118557,-73.56836378574371,40,1,2.58592639653781e-003,NE
7072,Beaudry / Sherbrooke,45.52303459543551,-73.56540597975254,37,1,1.00813588490647e-002,N
6176,St-André / Duluth,45.523171,-73.573431,44,1,9.16314156310292e-003,SE
7073,Logan / de Champlain,45.5231943285584,-73.55584256350994,22,1,7.73815896327009e-003,S
6123,Alexandre-de-Sève / la Fontaine,45.52327641182773,-73.55821833014488,24,1,9.63453679770898e-003,NE
6177,St-Hubert / Rachel,45.5234013790077,-73.57645601034164,47,1,7.56430437811389e-003,S
6114,Métro Papineau (Cartier / Ste-Catherine),45.52353,-73.55199,20,1,7.38185782310694e-003,W
6201,"Villeneuve / de l'Hôtel-de-Ville",45.52354419830203,-73.58733236789703,60,1,3.18153539861257e-003,E
6746,"Métro Acadie (de l'Acadie / Beaumont)",45.52357479400008,-73.62344294786453,60,1,8.52261012664196e-003,SW
6116,Plessis / Ontario,45.523584,-73.560941,28,1,9.14162154047149e-003,SW
5007,Métro Longueuil - Université de Sherbrooke,45.523854,-73.519677,18,1,1.36664701237196e-002,SE
6195,de Bullion / St-Joseph,45.5240365462478,-73.59014332294464,63,1,1.00585080553516e-002,SW
6233,Bernard / Jeanne-Mance,45.5242864769531,-73.60497325658798,70,1,1.00558092386454e-002,N
6280,Fairmount / St-Dominique,45.524504989237535,-73.59414249658585,66,1,8.90769824058252e-003,N
6145,du Parc-La Fontaine / Duluth,45.524565651056875,-73.57207864522934,41,1,1.99870376360463e-003,N
6926,Marie-Anne / St-Hubert,45.524634,-73.578755,48,1,5.64419661831396e-003,S
6184,Métro Mont-Royal (Rivard / du Mont-Royal),45.524673,-73.58255,50,1,1.0698405310797e-002,S
6147,Calixa-Lavallée / Sherbrooke,45.52479,-73.56545,40,1,2.6019366255596e-003,E
6232,Hutchison / Van Horne,45.525021229212776,-73.61073732376099,66,1,7.8387511382477e-003,W
6118,de Champlain / Ontario,45.52504753729988,-73.56003552675247,28,1,5.96332007718676e-003,SE
6199,Clark / St-Viateur,45.52516404439482,-73.59930574893951,70,1,7.30054441798576e-003,NW
6200,St-Dominique / Maguire,45.52517749913384,-73.59544605016708,67,1,4.12022820911589e-003,NE
6187,Resther / du Mont-Royal,45.52562819123256,-73.58177483081818,49,1,7.807122991111e-003,W
6094,de Gaspé / Fairmount,45.525669,-73.593016,64,1,9.15015157006759e-003,SE
6188,Mentana / Marie-Anne,45.526026565221414,-73.57785880565643,46,1,4.80742042906082e-003,W
7077,Fullum / Jean Langlois,45.52612803739037,-73.54600220918655,20,1,1.00782993888491e-002,S
6111,Parthenais / Ste-Catherine,45.52620038317685,-73.54926645755768,20,1,9.52736375481271e-003,NE
6752,Hutchison / Beaubien,45.5262464,-73.61374676,62,1,4.72968408645917e-004,NW
7032,Drolet / Laurier,45.526251876092516,-73.58975838928018,61,1,2.59928788324004e-003,W
6235,St-Dominique / St-Viateur,45.52654331973003,-73.59823286533356,69,1,1.22634237299206e-002,SW
7024,Berri / Gilford,45.5265658689096,-73.58542799949646,54,1,1.12366853712417e-002,N
6728,Champagneur / Jean-Talon,45.52679805446713,-73.62421274185179,57,1,9.27317955553924e-003,NE
6334,"d'Outremont / Ogilvy",45.52684538403074,-73.62666830420494,56,1,3.29378935819493e-003,N
6143,Rachel / de Brébeuf,45.52689,-73.57264,41,1,5.57528868095671e-003,W
6119,Dorion / Ontario,45.52697,-73.558021,24,1,1.33051860793289e-002,SW
6234,Bernard / Clark,45.52697,-73.60261,67,1,1.30413904720855e-002,SW
6190,Pontiac / Gilford,45.527009334270645,-73.58576595783234,54,1,9.75433769748546e-003,NW
7026,Maguire / Henri-Julien,45.527041096087785,-73.59347056655677,64,1,7.25786295999188e-003,NW
6148,Émile-Duployé / Sherbrooke,45.52729,-73.56463,41,1,3.63802653458275e-003,E
6228,Waverly / Van Horne,45.527363,-73.607723,66,1,8.00932847756502e-003,S
6169,Boyer / du Mont-Royal,45.527432126380575,-73.57991673052311,48,1,9.94621593126077e-003,NW
6136,Métro Laurier (Rivard / Laurier),45.52761627,-73.5891147,60,1,1.10022297231593e-002,N
6281,Resther / St-Joseph,45.5277271,-73.58628362,54,1,3.34681083764526e-003,SE
7028,de Gaspé / St-Viateur,45.52774827884841,-73.59743893146515,67,1,6.50484057942604e-003,SW
6156,Marie-Anne / de la Roche,45.52775814390426,-73.57618510723114,45,1,7.49457595419801e-003,SW
6142,Calixa-Lavallée / Rachel,45.527794785525096,-73.57193917036057,42,1,1.0829069049539e-002,SE
6089,Henri-Julien / Carmel,45.527839413108,-73.59482109546661,64,1,8.88591380643155e-003,N
7025,St-Dominique / Bernard,45.52793332015246,-73.60122251338906,67,1,2.82928611895922e-003,SW
6108,Logan / Fullum,45.528448693514136,-73.55108499526978,20,1,1.08691426345182e-002,N
6157,de la Roche / du Mont-Royal,45.52875779392618,-73.57867956161499,48,1,5.551933116994e-003,W
6110,Poupart / Ste-Catherine,45.52903307037075,-73.54634821414948,20,1,1.12895154835447e-002,SE
6132,Larivière / de Lorimier,45.5291345371163,-73.55923354625702,26,1,6.31354753942693e-003,NE
6314,de Lanaudière / Marie-Anne,45.529219,-73.574777,45,1,5.92700843169517e-003,S
7040,St-Urbain / Beaubien,45.52951033828327,-73.61067965626717,62,1,9.16046199204558e-003,NE
5003,Place Longueuil,45.52951221728282,-73.51769149303436,13,1,8.01137080215837e-003,N
6186,St-André / Laurier,45.52955900967215,-73.5876018932322,56,1,8.3806613877728e-003,E
6051,de Gaspé / Marmier,45.529686,-73.601728,66,1,1.23685751601827e-002,SE
6137,Gauthier / Papineau,45.52969260094507,-73.56740087270737,44,1,1.34449646119698e-002,NW
6198,Hélène-Baillargeon / St-Denis,45.52974,-73.59527,64,1,7.4845416841015e-003,NE
6140,Marquette / Rachel,45.5298015824607,-73.5702896118164,45,1,6.42302215063717e-003,E
6192,Berri / St-Grégoire,45.529802,-73.591766,61,1,7.81821144980983e-003,E
6129,de Bordeaux / Sherbrooke,45.52997069129102,-73.56305301189423,40,1,6.48223675410955e-003,NW
6271,Casgrain / de Bellechasse,45.529993,-73.604214,63,1,3.76625369987835e-003,E
6170,de Mentana / Laurier,45.530046,-73.58677,54,1,9.53166196721631e-003,SE
6503,Métro Parc  (Ogilvy / Hutchison),45.53035130173597,-73.6243924498558,56,1,7.39016041679798e-003,N
6747,Waverly / St-Zotique,45.53050525974957,-73.61470833420753,60,1,1.1790923039732e-002,SW
6122,"Logan / d'Iberville",45.53057,-73.54913,21,1,6.74605102029694e-003,NW
6158,Gilford / de Brébeuf,45.53081622781595,-73.58162596821785,50,1,3.69497119604277e-003,NW
6168,Marmier / St-Denis,45.530871318676006,-73.59834551811218,65,1,4.32670594301086e-003,S
6155,Garnier / du Mont-Royal,45.53092,-73.57674,48,1,1.11964680230465e-002,SE
6274,de la Roche / St-Joseph,45.531164,-73.583695,50,1,1.04727783973774e-002,NW
6338,Ball / Querbes,45.53120329140607,-73.63214671611786,53,1,7.16196758502685e-003,NE
6906,Métro Rosemont (Rosemont / de St-Vallier),45.53132719875296,-73.59788820147514,65,1,8.86093489097791e-003,S
6191,St-Zotique / Clark,45.531401,-73.612674,60,1,6.90956805556051e-003,NW
6929,St-André / St-Grégoire,45.531411853692525,-73.59174862504005,61,1,8.20931850515602e-003,NE
6138,Gauthier / De Lorimier,45.531818,-73.565317,43,1,1.00165099364395e-002,NW
6711,Alexandra / Waverly,45.531938,-73.617842,58,1,9.09991336823023e-003,SW
6124,Poupart / Ontario,45.53193889278052,-73.55343863368034,19,1,1.07124905347706e-002,SW
6237,de Lanaudière / Gilford,45.53198492626314,-73.58067512512207,50,1,1.16116429091456e-002,N
6126,Rouen / Fullum,45.53217,-73.55859,24,1,1.03404590986748e-002,S
6024,Messier / Hochelaga,45.532227058311776,-73.56061805854551,33,1,7.20044755117539e-003,N
6141,de Bordeaux / Rachel,45.53227,-73.56828,45,1,4.79967697639758e-003,NW
6247,St-Dominique / St-Zotique,45.53228145673193,-73.61099146306515,60,1,4.06971062691756e-003,W
6154,Marquette / du Mont-Royal,45.53229,-73.57544,48,1,1.82591155658683e-003,E
7042,Alexandra / Jean Talon,45.532330645908054,-73.62018674612045,57,1,4.64645721188968e-003,S
6139,des Érables / Gauthier,45.53240768,-73.5647763,42,1,1.0329335506766e-002,N
6915,Alma / Beaubien,45.53243586450861,-73.60665500164032,61,1,7.18520796510499e-003,N
6165,de Brébeuf / Laurier,45.53248,-73.58507,51,1,5.88530774543483e-003,E
6153,Cartier / Marie-Anne,45.532674,-73.571776,46,1,8.59985281671339e-003,NW
6164,Chambord / Laurier,45.532929543795944,-73.58415059745312,50,1,1.90076523327892e-003,SW
6160,Garnier / St-Joseph,45.5329774553515,-73.58122229576111,50,1,7.09156655285918e-003,S
6252,Mozart / St-Laurent,45.53318,-73.61544,58,1,6.37653146575057e-003,S
6913,Drolet / Beaubien,45.533348,-73.605834,61,1,1.63078137608192e-003,S
6908,de Bellechasse / de St-Vallier,45.53334868400571,-73.60113568603992,63,1,7.51542701503109e-003,E
7030,de Bordeaux / Marie-Anne,45.53340912723174,-73.57065707445145,46,1,8.78552562445642e-003,S
6750,des Érables / Rachel,45.5334955551535,-73.56693148612976,44,1,6.75257626152491e-003,NE
6120,Ontario / du Havre,45.5336609,-73.5521968,20,1,1.23527199511694e-002,NW
5002,St-Charles / Montarville,45.533703286938504,-73.51528286933899,12,1,7.78581424476964e-003,NE
6131,Fullum / Sherbrooke,45.533924,-73.562425,41,1,6.97476573366039e-003,NW
6166,de Brébeuf / St-Grégoire,45.5341,-73.58852,59,1,7.59845618052627e-003,N
6907,Boyer / Rosemont,45.534136,-73.595478,62,1,5.86618192470858e-003,NE
6152,Chabot / du Mont-Royal,45.53418509490266,-73.57358872890472,48,1,4.19721992694676e-003,SE
6251,de Gaspé / Dante,45.534357948228354,-73.61223131418228,58,1,5.06602812858129e-003,W
7078,Hochelaga / Chapleau,45.53445294687473,-73.55965197086334,30,1,1.01778531495804e-002,SE
6269,Bercy / Ontario,45.53455710466228,-73.5507497191429,21,1,7.13194051084894e-003,NW
7045,Casgrain / Mozart,45.53472725603326,-73.6147928237915,57,1,7.1587341887341e-003,N
6311,Drolet / St-Zotique,45.53488214147823,-73.60941231250763,59,1,1.04659079021776e-002,S
6121,Gascon / de Rouen,45.53513390280753,-73.55486422777176,20,1,1.00163642131877e-002,NE
6344,St-Dominique / Jean-Talon,45.535189,-73.617459,57,1,3.8474870214242e-003,NW
6128,Hogan / Ontario,45.535295480380306,-73.55116009712219,21,1,1.19489610211334e-002,SW
6163,Marquette / Laurier,45.53543,-73.5822,51,1,7.28804823409256e-003,W
6912,de Chateaubriand / Beaubien,45.53550590629069,-73.60388159751892,61,1,1.15775510450641e-002,SW
6133,Terrasse Mercure / Fullum,45.535690028316374,-73.56592297554016,44,1,1.00459989989218e-002,SE
6161,Cartier / St-Joseph,45.53576,-73.57867,50,1,1.02567878531859e-002,NW
6385,de Bordeaux /Gilford,45.53611005443118,-73.5762870311737,50,1,8.12848164663658e-003,S
6321,Gary Carter / St-Laurent,45.536152810858084,-73.62242102622986,56,1,1.24279617578242e-002,NW
6257,de St-Vallier / St-Zotique,45.536261178519666,-73.60754549503326,59,1,3.75309465012802e-003,E
6151,Parthenais / Mont-Royal,45.536368888563324,-73.57141681015491,48,1,1.04526265219275e-002,N
5005,St-Charles / St-Sylvestre,45.53637796305584,-73.51264223456383,12,1,1.03078794369511e-002,NW
6130,Sherbrooke / Frontenac,45.5367,-73.56081,40,1,4.12577693933332e-003,SW
6250,Marché Jean-Talon (Henri-Julien / Jean-Talon),45.53678525128436,-73.6148879583925,56,1,1.24766693730596e-002,NE
6249,Bélanger / St-Denis,45.53696,-73.61199,57,1,1.19171655877257e-002,SW
6258,Parc Père-Marquette (Chambord / Rosemont),45.53702583434782,-73.59316617250443,63,1,7.14876016407244e-003,NE
6167,Marquette / St-Grégoire,45.53703,-73.58584,58,1,5.94978571091188e-003,N
6910,Boyer / Beaubien,45.537041,-73.602026,61,1,6.48475696320696e-003,NW
7027,Terrasse Guindon / Fullum,45.537114135456825,-73.56913894414902,47,1,4.0465895998679e-003,SW
6150,Messier / du Mont-Royal,45.53711414,-73.5710031,48,1,4.55348676197183e-003,SW
6262,de la Roche /  de Bellechasse,45.537159225331315,-73.59747648239136,64,1,8.63052349140411e-003,S
5006,Collège Édouard-Montpetit,45.53722603812578,-73.49506705999374,20,1,8.96912720432191e-003,NE
6236,Laurier / de Bordeaux,45.53725879867612,-73.57917040586472,50,1,3.66430753057658e-003,N
6127,Henri-Julien / de Castelnau,45.537877,-73.618323,57,1,4.48107257008711e-003,N
6134,Gascon / Rachel,45.537964,-73.562643,40,1,7.31675414283678e-003,SW
7029,Cartier / Masson,45.53805998459642,-73.58337676181691,55,1,7.97710260736175e-003,NE
6255,Boyer / St-Zotique,45.53848,-73.60556,60,1,8.5186209604875e-003,NW
6265,Parthenais / St-Joseph,45.53854352327858,-73.5761334747076,50,1,7.14941073523316e-003,E
6149,Chapleau / du Mont-Royal,45.53867,-73.56936,47,1,8.96700901474879e-003,N
6260,Dandurand / Papineau,45.538699774322616,-73.58622193336485,60,1,5.99407462704445e-003,N
6322,St-Dominique / Gounod,45.538737949470644,-73.62802147865295,53,1,8.16870605319343e-003,W
6103,Lespérance / de Rouen,45.538799,-73.552496,22,1,5.45442684896351e-003,S
6197,de Bordeaux / Masson,45.53898439552301,-73.5824453830719,56,1,5.14426416009629e-003,SW
6253,Berri / Jean-Talon,45.53903177583418,-73.614318180189,57,1,9.28324290244753e-003,SW
7035,Fullum / Gilford,45.53922374455291,-73.57383679656778,50,1,9.26735557598388e-003,SE
6002,Ste-Catherine / Dézéry,45.53929155936048,-73.54103073477745,19,1,9.31199635842313e-003,N
6328,Henri-Julien / Villeray,45.539487469364325,-73.62355560064316,56,1,1.07087492691238e-002,N
6323,Guizot / St-Laurent,45.53963159810423,-73.63444805145264,50,1,7.81693904855972e-003,SE
5004,St-Charles / Charlotte,45.539824,-73.508752,12,1,3.59668140637633e-003,S
6327,Faillon / St-Denis,45.53982885720648,-73.62023502588272,58,1,4.62596363237267e-003,SE
6162,Fullum / St-Joseph,45.5398326,-73.57555881,51,1,6.87305587138533e-003,SW
6268,Chambord / Beaubien,45.539932183126695,-73.59934329986572,61,1,7.93036317678699e-003,N
7064,Clark / de Liège,45.539983846015616,-73.6381347477436,47,1,1.94900404739496e-003,NE
6254,Boyer / Bélanger,45.54006,-73.60897,59,1,6.72955396962957e-003,S
7061,Lajeunesse / de Castelnau,45.540396208099985,-73.61681789159775,58,1,4.99294032125998e-003,NW
6330,de Gaspé / Jarry,45.540780049797995,-73.63040059804916,51,1,6.05222543693162e-003,N
6259,Dandurand / de Lorimier,45.540881,-73.584157,60,1,5.35052547757933e-003,S
6393,Dézéry / Ontario,45.54111008519643,-73.54754984378815,20,1,8.53619398332537e-003,SE
6421,Cartier / Rosemont,45.54124722370603,-73.59104454517365,64,1,3.81309438701866e-004,NE
7063,Henri-Julien / Jarry,45.54140622907085,-73.63007068634033,51,1,7.98763332651851e-003,NE
6386,Métro Préfontaine (Moreau / Hochelaga),45.5414350841351,-73.55431437492369,29,1,5.37992549497799e-003,NW
6389,Boyer / Jean-Talon,45.541484,-73.612441,57,1,5.4061336049273e-003,SW
6022,Angus (Molson / William-Tremblay),45.54172920185872,-73.56549382209778,44,1,9.18505424028182e-003,SE
6329,Gounod / St-Denis,45.54181643887568,-73.62611174583435,55,1,8.49171191849608e-003,NE
6904,Fabre / Beaubien,45.542055,-73.597793,61,1,7.30373730722972e-003,NE
6734,Lajeunesse / Villeray (place Tapéo),45.54211889,-73.6225471,57,1,5.39024483632458e-003,SE
6332,de Gaspé / de Liège,45.54248521237199,-73.63634169101715,42,1,7.32359114482149e-003,E
6264,Chabot / de Bellechasse,45.5425697477813,-73.59214425086974,64,1,9.08652626525234e-003,SE
7018,Joliette / Ste-Catherine,45.54286796890454,-73.53822447359562,16,1,9.44647466742965e-003,NE
6336,Faillon / St-Hubert,45.54297175887712,-73.61793905496597,57,1,6.36573755704644e-003,S
6276,Chambord / Bélanger,45.54299336219576,-73.60637202858925,59,1,1.08523709335743e-002,SW
6331,Guizot / St-Denis,45.543347467582954,-73.632353246212,50,1,5.04383577275335e-003,E
6270,Fabre / St-Zotique,45.54345172630376,-73.60101029276848,60,1,1.02893448484401e-002,N
7065,de Lanaudière / Bélanger,45.54365085053057,-73.60565051436424,59,1,1.11963339065021e-002,N
7020,St-Germain / Hochelaga,45.5436987529516,-73.55367332696915,30,1,8.24924595811883e-003,NW
7039,du Mont-Royal / Augustin-Frigon,45.543763151117474,-73.56772005558014,49,1,1.72293717489848e-003,SE
7002,Tolhurst / Fleury,45.54410128430579,-73.66738557815552,30,1,1.0306550406458e-002,NE
6391,Aylwin / Ontario,45.54431114893366,-73.54554891586304,20,1,9.24236622571471e-003,NW
6905,"Parc Rosemont (Dandurand / d'Iberville)",45.544377,-73.581018,60,1,1.85540786286017e-003,W
6916,Parc du Pélican (2e avenue / St-Joseph),45.544513,-73.571564,50,1,1.11780607631128e-002,NW
6346,Congres,45.54459352523215,-73.53779464960098,15,1,6.81303636559898e-003,E
6261,Louis Hémon / Rosemont,45.54459855947176,-73.58822286128998,60,1,7.80250079646407e-003,E
6335,du Rosaire / St-Hubert,45.54467,-73.621581,56,1,1.17142874884229e-002,SW
6267,de Bordeaux / Beaubien,45.54475,-73.5949,61,1,9.05653799490419e-003,NW
6275,Chambord / Jean-Talon,45.54484558108033,-73.61053615808486,58,1,9.14955892644684e-003,SW
6340,de la Roche / Everett,45.544867,-73.614841,57,1,9.21057124815359e-003,SE
6372,1ère avenue / Masson,45.5451997,-73.57645065,53,1,1.13055714499858e-003,NW
6384,Darling / Sherbrooke,45.54545890380305,-73.55666935443878,41,1,4.69861233471769e-003,S
6324,de Liège / Lajeunesse,45.545603545552744,-73.63474041223526,43,1,4.64742839650013e-003,NW
6381,Omer-Lavallée / du Midway,45.5457759528664,-73.56217458844185,46,1,9.54514346573977e-003,NE
6272,Chabot / St-Zotique,45.5460938219615,-73.59927892684937,59,1,9.46085753639128e-003,SW
6410,Métro Crémazie (Crémazie / Lajeunesse),45.54640752148169,-73.63842844963074,39,1,9.31077154574041e-003,NE
6266,Louis-Hébert / Belllechasse,45.5468001130256,-73.5888934135437,61,1,9.73614546833554e-003,NW
6387,Métro Joliette  (Joliette / Hochelaga),45.54690718297082,-73.5515570640564,27,1,8.47575307647795e-003,SE
6273,Cartier / Bélanger,45.546939,-73.602616,57,1,1.01109023682624e-002,SW
6371,4e avenue / Masson,45.546978,-73.575515,54,1,1.37695152808287e-002,SE
6394,Valois / Ontario,45.54716076886967,-73.54377329349518,20,1,8.79455386696886e-003,S
6333,Leman / de Chateaubriand,45.547218,-73.631103,47,1,9.47683704540903e-003,NE
6373,7e avenue / St-Joseph,45.547226645250745,-73.56986984610558,50,1,9.44660766733774e-003,NE
6367,3e avenue / Dandurand,45.547362,-73.579221,59,1,8.88693795518915e-003,SE
6923,Marquette / Jean-Talon,45.54740777921938,-73.60766887664795,56,1,1.06989777881659e-002,N
7006,Clark / Fleury,45.54764847825576,-73.6655656993389,29,1,8.09619949450657e-003,NW
6362,1ère avenue / Rosemont,45.547997,-73.58523,65,1,9.08556670150175e-003,S
6733,Rousselot / Villeray,45.5488588257062,-73.6166113615036,55,1,1.18667267797388e-002,N
6185,des Érables / Bélanger,45.54912085535069,-73.60087350010872,56,1,5.97428101171466e-003,NE
6277,Elsdale / Louis-Hébert,45.54918032376485,-73.59385818243027,60,1,7.940773515451e-003,W
7019,"Jeanne d'Arc / Ontario",45.549604526934075,-73.54193866252899,20,1,5.48592762681899e-003,SE
6361,Molson / Beaubien,45.54968589617967,-73.59115451574326,61,1,1.36065961207839e-002,SW
7043,Ernest-Gendreau / du Mont-Royal,45.549713734001415,-73.56384828686714,48,1,1.15551770643608e-002,NE
6924,de Bordeaux / Jean-Talon,45.54975479298636,-73.60556602478027,54,1,6.15294839658356e-003,NW
7004,Émile-Journault / de Chateaubriand,45.54983321292286,-73.64063255488873,37,1,4.65445908717361e-003,S
6364,de Chambly / Rachel,45.54991069359101,-73.55826258659361,44,1,1.13498334786914e-002,NW
6700,de la Salle / Ste-Catherine,45.54992008517989,-73.53416427969933,14,1,8.88314177054163e-003,N
6917,Basile-Routhier / Chabanel,45.549985826258116,-73.6479663848877,36,1,4.17766526399018e-003,E
6278,Louis-Hébert / St-Zotique,45.55001,-73.59576,59,1,5.81437440012271e-003,W
6368,10e avenue / Masson,45.55031640880025,-73.57335805892944,55,1,1.13069319068982e-002,N
6082,6e avenue / Rosemont,45.55052513498631,-73.58298182487488,68,1,1.22019232670533e-002,NE
6388,"d'Orléans / Hochelaga",45.550668,-73.549502,27,1,7.93104570906939e-003,SW
6343,Marquette / Villeray,45.55068361610596,-73.61529305577278,54,1,9.26868747874398e-003,SE
6210,Métro Sauvé (Berri / Sauvé),45.550692068419764,-73.65636706352234,38,1,1.02960130704488e-002,SW
6189,Chabot / Everett,45.55072306022627,-73.60957056283951,54,1,1.09429832834605e-002,S
6918,9e avenue / Dandurand,45.550769,-73.57711,59,1,7.44468625055008e-003,N
7008,Rousselot / Jarry,45.55076907833167,-73.62091094255447,52,1,9.35264738618263e-003,NE
6380,Parc J.-Arthur-Champagne (de Chambly / du Mont-Royal),45.551584,-73.561916,47,1,9.72533674921322e-003,N
6279,Louis-Hébert / Bélanger,45.55158518908433,-73.59916493296623,56,1,9.05587925863057e-003,N
6358,1ère  avenue /St-Zotique,45.551937362101,-73.59392791986465,59,1,7.32351856994807e-003,S
6737,Jacques-Casault / Christophe-Colomb,45.552123,-73.630103,43,1,9.14791416617939e-003,SE
6398,Desjardins / de Rouen,45.55223975957034,-73.54412734508514,21,1,6.53000456371741e-003,NW
6919,10e Avenue / Rosemont,45.552649,-73.581185,70,1,8.31065653682217e-003,NW
6376,16e avenue / St-Joseph,45.55292309731551,-73.56575198471546,49,1,6.37085201138089e-003,W
7017,Bennett / Ste-Catherine,45.55302673666147,-73.53238195180893,15,1,1.29853500378894e-002,NE
6925,Louis-Hébert / Jean-Talon,45.553139429376344,-73.60271081328392,52,1,1.61515603649272e-003,S
6397,Marché Maisonneuve,45.55319389744088,-73.5398143529892,18,1,7.85770204608426e-003,S
6360,8e avenue / Beaubien,45.553215,-73.58752,63,1,1.01223716134281e-002,S
6374,Laurier / 15e avenue,45.553215158882175,-73.569495677948,52,1,1.21212682345242e-002,SW
6412,Complexe sportif Claude-Robillard (Émile-Journault),45.553262,-73.638615,37,1,9.76798278690253e-003,NE
6417,Desjardins / Hochelaga,45.553490653554725,-73.54829013347626,25,1,6.59108047591664e-003,NW
6383,Bourbonnière / du Mont-Royal,45.55357073967113,-73.56049418449402,46,1,6.84322720957393e-003,SE
6422,Fleury / Lajeunesse,45.5536,-73.6616,32,1,8.30312572968592e-003,SW
7041,15e avenue / Masson,45.553913774821154,-73.57141882181168,53,1,5.82888568091891e-003,NW
6396,Métro Pie-IX (Pierre-de-Coubertin / Pie-IX),45.55421375524564,-73.55155974626541,30,1,9.46928579341541e-003,SE
7046,15e avenue / Dandurand,45.55479651443991,-73.57432097196579,58,1,4.23875940115776e-003,W
6345,Louis-Hémon / Villeray,45.55496126357668,-73.61073732376097,53,1,8.62279178434138e-003,NW
6703,Jardin Botanique (Pie-IX / Sherbrooke),45.555205239939916,-73.55582308082374,42,1,8.68743798075311e-004,NW
7003,St-Charles / Sauvé,45.5560649285589,-73.65350246429443,41,1,3.99866070209327e-003,SW
6355,Ontario / Sicard,45.55626186680846,-73.53744059801102,19,1,4.80690347203427e-003,W
6736,Basile-Routhier / Gouin,45.55656215749652,-73.67011472582817,22,1,1.36452240364161e-002,SW
6357,12e avenue / St-Zotique,45.556905,-73.58925,59,1,7.29150564732586e-003,SE
6370,"d'Orléans / Masson",45.557192,-73.569847,52,1,1.18837624014114e-002,N
6006,18e avenue / Rosemont,45.55789545752947,-73.5765291005373,60,1,5.98993618304598e-003,NE
6076,Ville-Marie / Ste-Catherine,45.55792114867545,-73.52914720773697,14,1,1.59400396854224e-003,W
6033,16e avenue / Beaubien,45.55846014650325,-73.58342975378036,62,1,1.17630146911189e-002,NE
6710,de la Roche / Fleury,45.558999740253725,-73.6584135890007,33,1,7.75722093678501e-003,SE
6395,Pierre-de-Coubertin / Aird,45.559017919299556,-73.54848057031631,27,1,8.15180441769253e-003,SW
6347,Métro St-Michel (Shaughnessy / St-Michel),45.559199,-73.599658,50,1,6.83139384394852e-003,SE
6720,Ontario / Viau,45.5594818,-73.535496,18,1,1.28619461138388e-002,NE
6930,Paul Boutet / des Regrattiers,45.55984236120471,-73.61544728279114,50,1,6.11682855508481e-003,SE
6726,Hamel / Sauvé,45.560742,-73.65041,40,1,1.01634230218222e-002,N
6735,François-Perrault / L.-O.-David,45.56129965944617,-73.6014300584793,50,1,5.9411784023654e-003,S
6704,19e avenue / St-Zotique,45.561594,-73.585643,57,1,8.19623760958567e-003,N
7023,CHSLD St-Michel (Jarry / 8e avenue),45.561690269046075,-73.61051201820374,50,1,7.86923291399098e-003,E
6701,de Marseille / Viau,45.5639212,-73.5489124,29,1,5.45918570188952e-003,NW
6716,Francis / Fleury,45.563947,-73.655573,33,1,4.23741761961207e-003,W
6731,28e avenue / Rosemont,45.564353,-73.571244,56,1,2.48910209432789e-003,N
6723,26e avenue / Beaubien,45.564944,-73.577639,59,1,8.23598933975475e-003,NW
7005,Marquette / Fleury,45.56735205736566,-73.65378744900227,36,1,7.31656142744242e-003,SE
6713,30e avenue / St-Zotique,45.56822507,-73.57943594,53,1,1.20895594291088e-002,SE
6702,"Chauveau / de l'Assomption",45.569789,-73.548081,30,1,3.43590615056127e-003,W
6730,35e avenue / Beaubien,45.570081,-73.573047,51,1,1.08561233867358e-002,SW
6722,Pierre-de-Coubertin / Louis-Veuillot,45.57278890699134,-73.54031324386597,28,1,1.20380191605055e-002,SW
6753,St-Zotique / 39e avenue,45.573541425148306,-73.5749227526685,49,1,6.00932818199821e-003,W
7009,CHSLD Benjamin-Victor-Rousselot (Dickson / Sherbrooke),45.573797819677914,-73.55034470558167,32,1,7.71881998940389e-003,SW
6226,Hôpital Maisonneuve-Rosemont (Rosemont / Chatelain),45.575707,-73.561562,41,1,1.21686773972471e-002,SE
7075,CHSLD Éloria-Lepage (de la Pépinière / de Marseille),45.57694445420869,-73.54045271873474,30,1,8.21235118572222e-003,S
6721,Métro Cadillac (Sherbrooke / de Cadillac),45.57713595014113,-73.54628920555115,33,1,6.59497829620942e-003,SE
7044,Hôpital Santa Cabrini (St-Zotique / Jeanne-Jugan),45.5793249650848,-73.5705041885376,43,1,8.79013378966773e-003,NE
6739,de Repentigny / Sherbrooke,45.58077,-73.544766,33,1,7.31610353542125e-003,N
7016,Métro Langelier (Sherbrooke / Langelier),45.582757156033914,-73.54244291782379,33,1,7.01083565395246e-003,SW
